"set","target","visit","before","after","native"
"public31","linkedin-jobs","1","3","3","3"
"public31","linkedin-jobs","2","3","3","3"
"public31","tls-peet","1","3","3","3"
"public31","tls-peet","2","3","3","3"
"public31","github-explore","1","3","3","3"
"public31","github-explore","2","3","3","3"
"public31","browserscan-bot","1","3","3","3"
"public31","browserscan-bot","2","3","3","3"
"public31","booking-search","1","3","3","3"
"public31","booking-search","2","3","3","3"
"public31","canadianinsider","1","0","0","1"
"public31","canadianinsider","2","0","0","1"
"public31","ceo-ca","1","3","3","3"
"public31","ceo-ca","2","3","3","3"
"public31","amazon-product","1","0","0","0"
"public31","amazon-product","2","0","0","0"
"public31","instagram-post","1","3","3","3"
"public31","instagram-post","2","3","3","3"
"public31","sedarplus","1","3","3","3"
"public31","sedarplus","2","3","3","3"
"public31","x-explore","1","0","0","0"
"public31","x-explore","2","0","0","0"
"public31","pixelscan-fp","1","3","3","3"
"public31","pixelscan-fp","2","3","3","3"
"public31","sannysoft","1","3","3","3"
"public31","sannysoft","2","3","3","3"
"public31","stackoverflow","1","3","3","3"
"public31","stackoverflow","2","3","3","3"
"public31","creepjs","1","3","3","3"
"public31","creepjs","2","3","3","3"
"public31","browserleaks","1","3","3","3"
"public31","browserleaks","2","3","3","3"
"public31","browserleaks-tls","1","3","3","3"
"public31","browserleaks-tls","2","3","3","3"
"public31","glassdoor","1","0","3","3"
"public31","glassdoor","2","3","3","3"
"public31","pixelscan-bot","1","3","3","3"
"public31","pixelscan-bot","2","3","3","3"
"public31","reddit","1","3","3","3"
"public31","reddit","2","3","3","3"
"public31","crunchbase-cf","1","3","3","3"
"public31","crunchbase-cf","2","3","3","3"
"public31","indeed-jobs","1","3","3","3"
"public31","indeed-jobs","2","3","3","3"
"public31","nowsecure-cf","1","3","3","3"
"public31","nowsecure-cf","2","3","3","3"
"public31","rebrowser-detector","1","3","3","3"
"public31","rebrowser-detector","2","3","3","3"
"public31","tiktok-user","1","0","0","0"
"public31","tiktok-user","2","0","0","0"
"public31","medium","1","3","3","3"
"public31","medium","2","3","3","3"
"public31","google-search","1","3","3","3"
"public31","google-search","2","3","3","3"
"public31","devto","1","3","3","3"
"public31","devto","2","3","3","3"
"public31","bot-incolumitas","1","3","3","3"
"public31","bot-incolumitas","2","3","3","3"
"public31","newsfilecorp","1","3","3","3"
"public31","newsfilecorp","2","3","3","3"
"public31","stockwatch","1","3","3","3"
"public31","stockwatch","2","3","3","3"
"hard12","hackernews","1","3","3","3"
"hard12","hackernews","2","3","3","3"
"hard12","wikipedia","1","3","3","3"
"hard12","wikipedia","2","3","3","3"
"hard12","example","1","3","3","3"
"hard12","example","2","3","3","3"
"hard12","indeed","1","3","3","3"
"hard12","indeed","2","3","3","3"
"hard12","g2","1","0","0","3"
"hard12","g2","2","0","0","3"
"hard12","newegg","1","3","3","3"
"hard12","newegg","2","3","3","3"
"hard12","crunchbase","1","0","0","3"
"hard12","crunchbase","2","0","0","3"
"hard12","amazon","1","3","3","3"
"hard12","amazon","2","3","3","3"
"hard12","idealista","1","0","0","3"
"hard12","idealista","2","0","0","3"
"hard12","zillow","1","3","0","0"
"hard12","zillow","2","0","0","0"
"hard12","nowsecure","1","3","3","3"
"hard12","nowsecure","2","3","3","3"
"hard12","stackoverflow","1","3","3","3"
"hard12","stackoverflow","2","3","3","3"
"vendors8","datadome-idealista","1","0","0","3"
"vendors8","datadome-idealista","2","0","0","3"
"vendors8","kasada-twitch","1","3","3","3"
"vendors8","kasada-twitch","2","3","3","3"
"vendors8","cloudflare-crunchbase","1","0","0","3"
"vendors8","cloudflare-crunchbase","2","0","0","3"
"vendors8","datadome-g2","1","0","0","3"
"vendors8","datadome-g2","2","0","0","3"
"vendors8","akamai-newegg","1","3","3","3"
"vendors8","akamai-newegg","2","3","3","3"
"vendors8","kasada-hyatt","1","0","0","0"
"vendors8","kasada-hyatt","2","0","0","0"
"vendors8","cloudflare-indeed","1","3","3","3"
"vendors8","cloudflare-indeed","2","3","3","3"
"vendors8","akamai-homedepot","1","0","0","3"
"vendors8","akamai-homedepot","2","0","0","3"
