"label","started_unix","ended_unix","seconds_since_previous_complete_run"
"before-public31-1","1788656167","1788656573",
"after-public31-1","1788656628","1788657009","55"
"native-public31-1","1788657130","1788657494","121"
"before-hard12-1","1788657615","1788657870","121"
"after-hard12-1","1788657990","1788658352","120"
"native-hard12-1","1788658472","1788658740","120"
"before-vendors8-1","1788658860","1788659119","120"
"after-vendors8-1","1788659239","1788659566","120"
"native-vendors8-1","1788659686","1788659857","120"
"after-public31-2","1788660702","1788661073","845"
"native-public31-2","1788661194","1788661580","121"
"before-public31-2","1788662193","1788662605","613"
"after-hard12-2","1788662726","1788663093","121"
"native-hard12-2","1788663214","1788663473","121"
"before-hard12-2","1788663593","1788663841","120"
"after-vendors8-2","1788665702","1788666043","1861"
"native-vendors8-2","1788666164","1788666323","121"
"before-vendors8-2","1788666444","1788666697","121"
"native-public31-3","1788666819","1788667172","122"
"before-public31-3","1788667293","1788667688","121"
"after-public31-3","1788667809","1788668159","121"
"native-hard12-3","1788668281","1788668545","122"
"before-hard12-3","1788668666","1788668908","121"
"after-hard12-3","1788669030","1788669397","122"
"native-vendors8-3","1788669519","1788669673","122"
"before-vendors8-3","1788669794","1788670074","121"
"after-vendors8-3","1788670196","1788670515","122"
